"","Nome","IDHM","Gini","pop_menos15","pop_mais60","pop_preta","taxacresc_pop","Dens_demo","Urbanizacao","PIB_percap","Renda_percap","Despesas_percap_saude","Gastos_saude","pop_planosaude","medicos_1000h","prop_nascvivosnormal","taxainter_faltaatencaobasica","mortalidadeinfantil","espec_vida","perc_nascidosvivosBaixoPeso"
"324","Maracaí",0.771,0.42,0.2107,0.1264,0.3289,0.25,24.96,0.9064,48554.8921634197,1000.0522023252,754.394845379,0.2478,0.0792829282928293,0.3,0.351648351648352,0.1757335,0,0.7597,0.0716671850699844
"150","Cubatão",0.737,0.45,0.2414,0.0789,0.5735,0.93,830.27,1,78797.7101795002,1032.77642360547,1667.497755033,0.2046,0.464673180592992,0.08,0.444444444444444,0.2274988,0.0863,0.7423,0.0956298600311042
"25","Angatuba",0.719,0.45,0.2323,0.1192,0.1855,1.42,21.58,0.7183,34891.1770164365,916.278195847696,639.190131739,0.255,0.129401170643854,0.54,0.312292358803987,0.3890789,0.1333,0.746,0.0739636080870918
"292","Júlio Mesquita",0.716,0.41,0.2378,0.1382,0.5498,0.62,34.53,0.9512,13548.1787020504,734.331525529368,793.434767318,0.2542,0.0607223476297968,0.23,0.476190476190476,0.09561567,0.3226,0.7376,0.04910233281493
"465","Presidente Prudente",0.806,0.54,0.1969,0.1358,0.3223,0.94,368.61,0.9796,30922.1035513621,1583.8523099653,348.660129422,0.1863,0.352483021049082,4.44,0.224390243902439,0.1813211,0.0975,0.7649,0.0936329704510109
"141","Coronel Macedo",0.69,0.45,0.2415,0.1338,0.2456,-1.1,16.47,0.7729,21310.5178259516,710.77008620757,672.68092611,0.2307,0.0211957608478304,0.2,0.490909090909091,0.1320065,0.1667,0.7364,0.0340258164852255
"204","Guaraci",0.737,0.42,0.2211,0.1283,0.3804,1.21,15.54,0.8948,21666.7778165519,946.384479425549,924.080531582,0.3173,0.127004811547715,0.5,0.181818181818182,0.09029346,0,0.7537,0.0839480559875583
"555","São José do Barreiro",0.684,0.55,0.2513,0.1351,0.3647,-0.15,7.15,0.7038,12310.3614622131,753.966058297533,730.645182554,0.1811,0.0875643855776306,0.24,0.5,0.05172883,0,0.738,0.0839480559875583
"187","Francisco Morato",0.703,0.4,0.2803,0.0636,0.571,1.48,3144.22,0.998,9477.41145145968,716.005961612414,315.320126561,0.1974,0.213119529752965,0.03,0.569377990430622,0.1063815,0.1221,0.7391,0.0963287713841369
"122","Carapicuíba",0.749,0.46,0.2428,0.0804,0.4843,0.72,10690.82,1,14000.2968472366,1013.14189083731,278.602393876,0.2808,0.390969306030564,0.33,0.495116898490678,0.1163399,0.1005,0.7552,0.0892398133748056
"392","Ouroeste",0.77,0.43,0.2048,0.1355,0.3804,2.94,29.03,0.8978,118071.838082581,1027.54054820063,2036.816321325,0.2259,0.162403331350387,0.71,0.032520325203252,0.126913,0,0.7693,0.0684721617418352
"415","Pedra Bela",0.677,0.41,0.2094,0.1483,0.1914,0.31,36.44,0.2492,16127.1505945578,776.21852876812,490.298594765,0.2415,0.0752595155709343,0,0.428571428571429,0.06448047,0.1408,0.7277,0.0863443234836703
"299","Laranjal Paulista",0.729,0.41,0.2096,0.1429,0.2388,1.32,65.68,0.8955,27620.4784890618,1115.24146123177,602.834298678,0.2583,0.21872401093026,1.03,0.462962962962963,0.3311457,0.1577,0.7473,0.0984255054432348
"532","Santa Rosa do Viterbo",0.77,0.5,0.2074,0.1416,0.3522,1.08,82.61,0.9533,30982.9931578145,1217.34103162622,542.24626996,0.2462,0.299932947783086,0.46,0.246478873239437,0.3780048,0.2076,0.771,0.0836485225505443
"524","Santa Isabel",0.738,0.45,0.2341,0.1082,0.3102,1.44,138.71,0.7847,22691.4814338059,911.042320442852,736.797476162,0.2264,0.142271024517868,0.52,0.368279569892473,0.1307787,0.1321,0.7502,0.0827499222395023
"358","Morungaba",0.715,0.41,0.2213,0.1175,0.3303,1.74,80.08,0.854,42217.9398223626,1057.64683177848,521.723545449,0.214,0.315319908233495,0.26,0.323529411764706,0.1269285,0.4678,0.731,0.105913841368585
"212","Guarujá",0.751,0.5,0.2437,0.092,0.5191,0.95,2025.28,0.9998,21543.5510052768,1111.31455467813,645.176554686,0.1659,0.387333535108959,0.73,0.407906360424028,0.07500773,0.1915,0.7623,0.085246034214619
"435","Piraju",0.758,0.48,0.2128,0.1477,0.1481,0.21,56.43,0.8992,21517.0720184194,1193.77959230443,505.272191708,0.2119,0.099315188762072,1.4,0.362637362637363,0.3974668,0.0838,0.7559,0.0648777604976672
"490","Rifaina",0.74,0.45,0.209,0.1499,0.3666,0.34,21.14,0.8754,19754.9376646752,983.035607259457,1092.33369844,0.2034,0.576542491268917,0.29,0.269230769230769,0.1449275,0.7143,0.7442,0.143455365474339
"483","Ribeirão Corrente",0.711,0.42,0.2539,0.107,0.4701,0.98,28.79,0.7951,41227.8880910986,891.407787674687,840.647589099,0.2347,0.102738123098526,0,0.484848484848485,0.07814469,0.1493,0.7386,0.0902382581648523
"303","Lençóis Paulista",0.764,0.43,0.2217,0.1082,0.2877,1.11,75.82,0.9776,52251.8472931698,1219.95896932865,524.090972156,0.1707,0.367666210848473,1.16,0.223733003708282,0.1772758,0.1111,0.7519,0.0847468118195956
"272","Itobi",0.717,0.41,0.2121,0.127,0.3323,0.11,54.2,0.9011,13927.1931295345,917.587164698907,477.918611794,0.2387,0.239597137556321,0,0.25974025974026,0.2235224,0.25,0.7419,0.127180715396579
"3","Aguaí",0.715,0.47,0.2258,0.1176,0.3287,1.33,67.64,0.9021,28755.4408488566,954.238292532815,638.255224377,0.31,0.226390444195595,0.68,0.33265306122449,0.2328256,0.1863,0.7649,0.0962289269051322
"56","Bananal",0.733,0.51,0.2299,0.1433,0.4734,0.52,16.58,0.7979,14609.9167109456,891.407787674687,767.739894014,0.2438,0.104763767974176,0.59,0.426086956521739,0.1393653,0.1709,0.7729,0.053295800933126
"462","Presidente Alves",0.735,0.47,0.2034,0.144,0.3364,-0.46,14.36,0.8322,21506.1999514921,971.254887598558,608.519138605,0.1962,0.14819306330342,0,0.326086956521739,0.1703163,0,0.7365,0.0451085536547434
"101","Caiabu",0.729,0.37,0.2014,0.1542,0.4522,-0.01,16.11,0.8141,18128.1989960067,819.414500858082,658.883502945,0.2126,0.0390471512770138,0.25,0.259259259259259,0.2089101,0,0.7437,0.0377200622083981
"247","Irapuã",0.713,0.36,0.2061,0.1311,0.2912,0.89,28.19,0.892,21597.9264190627,867.846348352889,746.945744785,0.2744,0.0810996563573883,0.41,0.363636363636364,0.2202202,0.1282,0.7563,0.14155832037325
"496","Riolândia",0.703,0.4,0.2079,0.1084,0.4904,2.13,16.67,0.7911,17118.6650033419,717.314930463625,598.898640267,0.2412,0.15177304964539,0.38,0.258992805755396,0.1663512,0.274,0.7404,0.0622818040435459
"319","Magda",0.753,0.44,0.1721,0.1821,0.2565,-0.67,10.27,0.8298,23099.3724329483,1053.71992522485,983.00985369,0.2256,0.1578125,0,0.282608695652174,0.4509663,0,0.7438,0.130974805598756
"470","Queiroz",0.715,0.42,0.2616,0.1146,0.5629,2.59,11.99,0.8494,124418.049021548,767.055746809643,1109.780276147,0.1529,0.0220797720797721,0,0.484848484848485,0.2503629,0,0.7365,0.0594861586314152
"394","Pacaembu",0.725,0.45,0.1525,0.1553,0.4038,0.55,39.05,0.7368,14324.0763494025,823.341407411716,493.812036948,0.2056,0.0567820958717677,0.54,0.155172413793103,0.4885994,0.0847,0.756,0.0684721617418352
"407","Pariquera-Açu",0.736,0.47,0.2473,0.1264,0.3956,0.47,51.32,0.6864,15753.7606899085,842.97594017988,442.527844397,0.2007,0.0623441396508728,2.6,0.732441471571906,0.1950585,0.1365,0.767,0.0978264385692068
"140","Coroados",0.719,0.39,0.2068,0.1267,0.2837,1.72,21.23,0.8098,24658.3454029053,959.474167937659,761.662996161,0.2413,0.124856815578465,0,0.195652173913043,0.0476096,0.4255,0.7396,0.156135614307932
"611","Torre de Pedra",0.714,0.39,0.2162,0.174,0.1481,0.55,31.58,0.6516,11476.0924264071,811.560687750816,605.548545858,0.1983,0.0634427684117125,0,0.55,0.1177579,0,0.7473,0.200466562986003
"412","Paulistânia",0.718,0.43,0.2226,0.1417,0.2296,0.01,6.93,0.6813,25155.3692558714,842.97594017988,1458.953096703,0.2118,0.0281056773468241,0,0.615384615384615,0.08625647,0,0.7404,0.000777604976671851
"301","Lavrinhas",0.729,0.55,0.263,0.0878,0.2998,0.94,39.41,0.9178,17181.7410864995,744.803276339056,685.241858893,0.226,0.125796661608498,0.3,0.4375,0.1281601,0.087,0.7438,0.0528964230171073
"63","Barretos",0.789,0.48,0.1968,0.1376,0.3473,0.76,71.56,0.9695,26816.699493931,1350.85585444975,686.267241161,0.213,0.255359006610111,3.37,0.122944960686204,0.2352823,0.0717,0.775,0.103417729393468
"274","Itupeva",0.762,0.43,0.2398,0.0779,0.3518,5.53,222.38,0.8684,74126.7022963082,1277.55359878193,774.359641303,0.2095,0.479435564769611,0.43,0.496798975672215,0.1120009,0.1142,0.7563,0.085845101088647
"585","Suzano",0.765,0.47,0.249,0.087,0.4534,1.41,1271.48,0.9648,33127.1125315319,980.417669557035,459.491889272,0.1909,0.301051508686376,0.91,0.452103636795816,0.05830439,0.1118,0.7736,0.0830494556765163
"261","Itápolis",0.744,0.45,0.1905,0.1486,0.1903,0.6,40.16,0.907,30677.6554557208,1166.291246429,599.54704376,0.2543,0.142468352850116,1.22,0.181236673773987,0.2466551,0.1101,0.7514,0.0997234836702955
"89","Brejo Alegre",0.71,0.39,0.219,0.1303,0.4882,1.09,24.39,0.8199,92144.8988953189,943.766541723127,1304.3465615,0.249,0.0893898173338515,0,0.291666666666667,0.1213782,0,0.7454,0.0424127527216174
"420","Pedro de Toledo",0.696,0.47,0.269,0.1363,0.4784,1.06,15.21,0.6893,12785.5054689775,729.095650124524,738.712528339,0.2914,0.0715405723245786,0,0.674418604651163,0.05166052,0.0769,0.7371,0.0469057542768274
"519","Santa Cruz das Palmeiras",0.728,0.51,0.2251,0.1091,0.411,1.6,101.22,0.9689,15571.3180577967,1246.13834635287,402.960152173,0.2823,0.381431244153414,0.53,0.539906103286385,0.1256431,0.0472,0.7387,0.0761601866251944
"538","Santo Antonio do Aracanguá",0.757,0.41,0.2102,0.1154,0.4812,0.95,5.82,0.7829,49634.6949936447,981.726638408246,1200.798031583,0.2175,0.0402570154733805,0,0.165289256198347,0.07634593,0.2521,0.7541,0.086144634525661
"242","Ipeúna",0.753,0.46,0.2428,0.1072,0.3641,3.34,31.58,0.8607,36501.2532246964,1197.70649885806,1104.517652448,0.2904,0.304022606382979,0.5,0.350649350649351,0.0272745,0.1282,0.757,0.0785564541213064
"102","Caieiras",0.781,0.47,0.2401,0.0798,0.3976,2.01,898.95,0.9752,33044.6597410213,1212.10515622138,356.048913412,0.154,0.390828508361359,0.49,0.444362017804154,0.06534327,0.1385,0.7668,0.084646967340591
"186","Franca",0.78,0.46,0.2214,0.1142,0.3015,1.04,525.64,0.9824,23865.8456117434,1271.00875452588,400.894308486,0.2796,0.357739141350741,1.78,0.416777335104028,0.09551283,0.1105,0.755,0.0896391912908243
"51","Avanhandava",0.705,0.42,0.2189,0.0975,0.4529,2.5,33.33,0.8456,19722.9547881805,763.12884025601,545.427970821,0.1911,0.0821396993810787,0.71,0.300653594771242,0.1343369,0.0629,0.74,0.0887405909797823
"599","Taquaritinga",0.748,0.46,0.2095,0.1386,0.3238,0.37,90.93,0.9478,21757.0566857521,1098.22486616602,547.131914884,0.2829,0.277580203008076,1.3,0.289833080424886,0.270684,0.1084,0.7461,0.0749620528771384
"351","Monte Alto",0.768,0.42,0.1853,0.1458,0.237,0.68,134.53,0.955,32813.5566928566,1217.34103162622,580.260809631,0.1973,0.497834569701128,1.37,0.0964083175803403,0.1777844,0.0378,0.7656,0.0745626749611197
"14","Alumínio",0.766,0.42,0.25,0.09,0.421,1,201.11,0.8387,160488.204435728,1180.68990379232,994.862066376,0.2058,0.450026723677178,0.18,0.29045643153527,0.1577439,0.0413,0.7547,0.0708684292379471
"157","Dois Córregos",0.725,0.46,0.2225,0.1356,0.261,0.96,39.09,0.9469,29467.1163976745,1096.91589731481,472.88217536,0.2397,0.130689390573886,1.05,0.5025,0.3505227,0.0976,0.7617,0.0790556765163297
"536","Santo Antonio da Alegria",0.702,0.42,0.2042,0.1559,0.2614,0.9,20.3,0.7406,24227.4888587835,862.610472948045,729.800750098,0.2211,0.0466370558375634,0.32,0.453125,0.2070222,0.1563,0.748,0.113502021772939
"354","Monte Castelo",0.741,0.38,0.1843,0.1804,0.3655,-0.08,17.47,0.7903,25709.6335610646,934.60375976465,718.838207321,0.1922,0.161949298547871,0,0.166666666666667,0.2695144,0.2632,0.7381,0.105913841368585
"503","Sales",0.751,0.42,0.2045,0.1574,0.2585,1.8,17.65,0.9002,18634.6925549788,985.653544961879,840.104739663,0.255,0.0636580443955237,0.18,0.168831168831169,0.267603,0,0.7656,0.0387185069984448
"119","Capela do Alto",0.699,0.4,0.2501,0.1048,0.2484,2.11,103.02,0.8283,16087.0551355294,816.796563155661,479.06462727,0.2424,0.0918891170431212,0.11,0.454166666666667,0.060399,0.0787,0.7436,0.0754612752721617
"198","Guaimbê",0.728,0.4,0.2336,0.1396,0.4979,0.41,24.88,0.8737,18793.3402888781,811.560687750816,805.588563024,0.2136,0.16073732718894,0.37,0.380281690140845,0.1131626,0,0.7477,0.130974805598756
"525","Santa Lucia",0.737,0.39,0.2383,0.0971,0.4087,0.51,53.53,0.9401,15595.8819926434,926.749946657384,522.628294509,0.2632,0.478782735208535,0.24,0.248062015503876,0.06697924,0,0.741,0.0395172628304821
"425","Piacatu",0.732,0.4,0.2009,0.1517,0.365,1.34,22.73,0.882,18349.5307551717,823.341407411716,771.690631576,0.2439,0.63154908265557,0,0.283333333333333,0.1449275,0,0.7557,0.100622083981337
"82","Borá",0.746,0.4,0.1963,0.1068,0.4617,0.13,6.8,0.7789,61140.5536615419,977.799731854613,2502.023208826,0.1793,0.162732919254658,0,0.2,0.1945525,0,0.7677,0.000777604976671851
"434","Piracicaba",0.785,0.52,0.204,0.125,0.2671,1.03,264.24,0.9785,45251.6837904018,1665.00837874039,686.779932295,0.189,0.518623258569661,2.13,0.353462837837838,0.09232235,0.1035,0.7588,0.0919356143079316
"530","Santa Rita d'Oeste",0.761,0.39,0.1525,0.2123,0.2212,-0.6,12.11,0.6973,27173.0499594295,958.165199086448,1044.562948072,0.1822,0.0503342508847818,0,0.166666666666667,0.1319149,0,0.7531,0.000777604976671851
"146","Cravinhos",0.756,0.42,0.2219,0.1138,0.3236,1.11,101.68,0.9751,24828.6191612164,1171.52712183384,478.114640757,0.2,0.429017702186741,0.51,0.47255369928401,0.2031309,0,0.7644,0.0931337480559876
"304","Limeira",0.775,0.48,0.206,0.1164,0.2737,1.04,474.91,0.9702,36701.2479870485,1325.98544627674,530.725798596,0.1585,0.460608212388868,1.77,0.431098430813124,0.07762172,0.123,0.7611,0.0994239502332815
"446","Poloni",0.766,0.39,0.1814,0.182,0.2288,1.23,40.36,0.8902,22732.76814566,1155.81949561931,594.1185494,0.1978,0.24578313253012,0.37,0.285714285714286,0.4975124,0,0.7618,0.0324283048211509
"393","Ouro Verde",0.692,0.39,0.2266,0.1388,0.5031,0.87,29.12,0.9199,18401.1768428635,760.510902553588,453.58086208,0.1886,0.0884615384615385,0,0.281553398058252,0.1632325,0.101,0.7381,0.082250699844479
"130","Cerqueira César",0.729,0.43,0.2306,0.1324,0.2004,1.48,34.23,0.8964,35505.0190420591,997.434264622778,542.894673453,0.2217,0.0989618982432124,0.69,0.526315789473684,0.2345227,0.2128,0.7423,0.115498911353033
"328","Marinópolis",0.731,0.43,0.2006,0.14,0.305,-0.37,27.16,0.7909,24325.804914769,822.032438560504,1069.26259741,0.2025,0.0350212967345007,0.95,0.285714285714286,0.2585366,0,0.745,0.136965474339036
"497","Rosana",0.764,0.6,0.241,0.1103,0.497,-2.02,26.55,0.8053,69177.6499719634,1259.22803486498,830.227895758,0.1883,0.099944136915342,1.47,0.599173553719008,0.2618252,0.2,0.741,0.0649776049766718
"445","Poá",0.771,0.43,0.2401,0.0872,0.4565,1.03,6136.96,0.9842,39109.2977178081,984.344576110668,542.985148359,0.2001,0.28936073877732,0.36,0.481524926686217,0.1219093,0.0983,0.7633,0.0836485225505443
"344","Mogi das Cruzes",0.783,0.54,0.2379,0.1027,0.3402,1.62,543.39,0.9214,34305.6988713829,1365.25451181307,441.96991581,0.1761,0.414983792314695,2.29,0.445559714188499,0.1335688,0.1343,0.7607,0.0923349922239502
"390","Osvaldo Cruz",0.762,0.46,0.1713,0.1711,0.3137,0.42,124.43,0.8986,21120.4451440962,1096.91589731481,510.203074085,0.225,0.259792347252321,1.16,0.154882154882155,0.3978425,0.1361,0.7522,0.103018351477449
"34","Aramina",0.74,0.43,0.1956,0.1443,0.4378,0.8,25.38,0.9347,23395.436457982,1064.19167603454,926.116216967,0.2118,0.189052795031056,0.58,0.268292682926829,0.1972518,0,0.7634,0.0562911353032659
"214","Guatapará",0.743,0.53,0.2416,0.1152,0.3802,0.9,16.82,0.7344,24845.1459092778,1032.77642360547,1013.982429844,0.2933,0.25007177720356,0,0.579545454545455,0.1547421,0,0.7434,0.118194712286159
"43","Ariranha",0.733,0.4,0.2067,0.1326,0.264,1.36,64.12,0.9471,164505.893079406,1129.64011859509,992.841460142,0.2104,0.262548262548263,0.12,0.117117117117117,0.1573753,0,0.7375,0.113801555209953
"625","União Paulista",0.749,0.35,0.2242,0.144,0.3718,1.66,20.19,0.7652,42756.2654663324,920.205102401329,1687.779213128,0.2203,0.138211382113821,0,0.217391304347826,0.529136,0,0.7675,0.130974805598756
"469","Quatá",0.738,0.41,0.2253,0.1185,0.4344,0.94,19.66,0.9385,61652.7320599475,981.726638408246,811.122611441,0.2963,0.347058363934682,0.39,0.364102564102564,0.1423425,0.202,0.7384,0.0771586314152411
"153","Diadema",0.757,0.43,0.2352,0.0774,0.5006,0.79,12527.21,1,43984.4320503675,1010.52395313489,821.331196668,0.3087,0.541263801869517,0.13,0.461157289002558,0.3116841,0.1234,0.7565,0.0927343701399689
"202","Guará",0.718,0.49,0.2502,0.1096,0.5109,0.5,54.76,0.968,23669.9523781073,1002.67014002762,617.551550054,0.1949,0.380954778930406,0.86,0.322175732217573,0.23491,0.122,0.7455,0.0960292379471229
"578","Sete Barras",0.673,0.5,0.2715,0.1273,0.4585,-0.52,12.24,0.5529,23002.5944502313,704.225241951515,510.700686068,0.2365,0.0590542099192618,0.31,0.624390243902439,0.03764937,0.098,0.7489,0.0548933125972006
"550","São João das Duas Pontes",0.72,0.36,0.2045,0.157,0.2249,-0.36,19.85,0.7643,21813.7542885904,784.072341875386,784.161089453,0.178,0.0572876071706937,0.39,0.347826086956522,0.1290323,0,0.7334,0.0424127527216174
"500","Rubinéia",0.759,0.39,0.1832,0.1923,0.2945,0.92,11.77,0.8227,15735.4093647345,980.417669557035,1299.913291106,0.2146,0.0649895178197065,0.35,0.153846153846154,0.2208318,0,0.7564,0.138463141524106
"514","Santa Bárbara d'Oeste",0.781,0.41,0.195,0.1077,0.2786,0.58,664.17,0.9922,31751.3059928719,1261.8459725674,472.776621303,0.2029,0.405396396846824,0.64,0.303674192120407,0.05911928,0.1073,0.7704,0.0924348367029549
"132","Cesário Lange",0.706,0.43,0.2189,0.1186,0.2378,1.89,81.33,0.6752,23295.2505874348,997.434264622778,462.040265791,0.2157,0.140990990990991,0.19,0.421875,0.235463,0.1923,0.7323,0.0631804043545879
"374","Nova Guataporanga",0.726,0.41,0.1944,0.1847,0.2441,0.42,63.77,0.8681,12398.3633798099,964.710043342503,1080.134665281,0.2152,0.0964630225080386,0,0.157894736842105,0.3882576,0,0.7552,0.105913841368585
"192","Gastão Vidigal",0.723,0.42,0.1936,0.1332,0.4479,1.56,23.15,0.8959,15891.071426995,1082.51723995149,688.529113811,0.2119,0.277605533031243,0.24,0.116666666666667,0.3018209,0,0.7403,0.113502021772939
"540","Santo Antonio do Pinhal",0.706,0.47,0.2389,0.1264,0.1669,0.26,48.76,0.5943,13702.7550655332,859.992535245623,568.061776472,0.248,0.0712303422756707,0.46,0.464285714285714,0.07875308,0,0.7369,0.101720373250389
"136","Colômbia",0.71,0.4,0.2221,0.1106,0.4967,0.08,8.22,0.7227,29971.9361710308,877.009130311366,1475.479846199,0.2981,0.237404070737404,0.33,0.106382978723404,0.2852501,0.1064,0.7313,0.0793552099533437
"13","Alto Alegre",0.7,0.35,0.1745,0.1969,0.2814,-0.39,12.86,0.7884,21615.870607195,794.544092685074,1185.794276338,0.3009,0.0648464163822526,0.49,0.243243243243243,0.1510954,0,0.74,0.105913841368585
"217","Holambra",0.793,0.54,0.2213,0.0914,0.303,4.58,171.65,0.7243,69039.1932195003,1924.18421128016,1009.111864071,0.2606,0.340207097973272,1.6,0.227777777777778,0.03719447,0.1,0.7766,0.0506998444790047
"440","Pirassununga",0.801,0.51,0.2003,0.1442,0.2536,0.78,96.32,0.9163,35612.0659257157,1598.25096732862,536.003501446,0.1861,0.369358313951,1.71,0.434426229508197,0.1015647,0.1529,0.7803,0.0808528771384137
"159","Dourado",0.738,0.37,0.1871,0.1588,0.206,0.01,41.82,0.914,22491.8938084955,1024.92261049821,612.952408999,0.2667,0.256708096178418,0.35,0.125,0.1330234,0.1124,0.7366,0.080153965785381
"108","Campina do Monte Alegre",0.717,0.53,0.245,0.1278,0.2751,0.69,30.07,0.846,24770.1874561637,791.926154982652,623.568131303,0.1996,0.982575893659062,0,0.325301204819277,0.4659152,0.1235,0.7577,0.0623816485225505
"46","Aspásia",0.735,0.44,0.1802,0.1725,0.3177,-0.3,26.09,0.6949,19444.7595555306,867.846348352889,1099.978827997,0.2018,0.163626312880044,0.55,0.352941176470588,0.2408964,0,0.7683,0.000777604976671851
"11","Altair",0.687,0.42,0.2334,0.1096,0.477,0.78,12.15,0.792,56473.9036526107,943.766541723127,1360.727507089,0.2485,0.090170380078637,0.52,0.2,0.09492812,0,0.73,0.0618824261275272
"147","Cristais Paulista",0.734,0.48,0.2236,0.114,0.3575,1.44,19.67,0.7285,38176.788021765,1090.37105305876,551.927084902,0.2282,0.189377965208224,0.53,0.531914893617021,0.08104738,0,0.7311,0.0743629860031104
"528","Santana da Ponte Pensa",0.773,0.42,0.1479,0.2252,0.1809,-1.43,12.61,0.6683,20211.1121011282,1226.5038135847,1283.612728875,0.1955,0.0383912248628885,0,0.214285714285714,0.1291513,0,0.7541,0.0775580093312597
"213","Guarulhos",0.763,0.51,0.2443,0.0823,0.4527,1.33,3830.34,1,45879.594662686,1216.03206277501,614.792065421,0.2495,0.483360188677547,0.64,0.459561159165323,0.1124152,0.1267,0.7483,0.0957297045101089
"313","Luiziânia",0.702,0.35,0.207,0.1328,0.5714,1.63,30.16,0.9168,18548.5604519436,819.414500858082,829.685046322,0.2892,0.0383697813121272,0.8,0.434782608695652,0.15247,0.1449,0.7388,0.0594861586314152
"336","Mineiros do Tietê",0.73,0.39,0.2243,0.1237,0.3026,0.55,56.43,0.9553,14057.1301624221,1049.79301867122,474.314694705,0.2525,0.0608074430968599,0.42,0.348571428571429,0.1130542,0.1117,0.7439,0.129077760497667
"182","Flora Rica",0.727,0.4,0.1852,0.2063,0.4499,-2.14,7.79,0.8091,28286.6753224115,719.932868166047,1114.153229937,0.1812,0.0382420091324201,0,0.285714285714286,0.2230047,0,0.7274,0.000777604976671851
"282","Jales",0.776,0.46,0.1781,0.1596,0.2106,0.19,127.55,0.941,27410.4560921651,1226.5038135847,416.742496187,0.2051,0.204139368671828,2.6,0.258620689655172,0.2874643,0.1149,0.7632,0.0968279937791602
"326","Mariápolis",0.718,0.37,0.198,0.1527,0.3397,0.15,21.06,0.801,14028.4496197098,827.268313965348,556.978600487,0.1761,0.0270684371807967,0,0.188679245283019,0.4106723,0,0.7478,0.0572895800933126
"428","Pindamonhangaba",0.773,0.52,0.2305,0.102,0.3457,1.56,201.14,0.964,48058.3960806928,1242.21143979923,674.837244703,0.2107,0.325045069560189,1.41,0.263473053892216,0.1286341,0.1279,0.7558,0.0988248833592535
"437","Pirangi",0.756,0.38,0.1813,0.158,0.25,0.57,49.28,0.897,21088.6432173978,1134.87599399993,619.617393741,0.278,0.186293890614704,0.66,0.207547169811321,0.2868303,0.0952,0.7519,0.0577888024883359
"276","Jaborandi",0.711,0.39,0.2062,0.1341,0.3868,0.26,24.1,0.9354,20267.3724086255,818.105532006871,731.444377557,0.1818,0.179763349514563,0.15,0.147727272727273,0.08555286,0.3297,0.7571,0.132472472783826
"135","Colina",0.757,0.46,0.2073,0.1327,0.4055,0.42,41.09,0.9339,36038.2931708824,1055.02889407606,616.330138823,0.19,0.25260491623971,1.15,0.0954545454545455,0.2414167,0.0917,0.7571,0.0793552099533437
"510","Salto Grande",0.704,0.42,0.228,0.1503,0.3292,0.4,46.62,0.9028,22432.0295842221,738.258432083001,552.394538583,0.2698,0.0647547513372027,0.11,0.377952755905512,0.3126497,0.3053,0.745,0.0617825816485226
"333","Meridiano",0.731,0.4,0.1872,0.159,0.2515,-0.42,16.82,0.6937,23094.607421646,1002.67014002762,965.050584849,0.1976,0.219195849546044,0,0.241379310344828,0.1329697,0.3226,0.7404,0.0974270606531882
"280","Jacupiranga",0.717,0.53,0.2643,0.1182,0.4464,0.11,24.44,0.5444,20727.2864742019,880.936036864999,654.661340665,0.3296,0.10500929800093,0.52,0.691983122362869,0.05160803,0.0823,0.7489,0.0582880248833593
"45","Arujá",0.784,0.56,0.2487,0.0828,0.428,2.41,777.84,0.9601,41262.2685523941,1348.23791674732,427.116952075,0.1838,0.343261464521728,1.57,0.432575757575758,0.0443832,0.0927,0.7695,0.0848466562986003
"23","Analândia",0.754,0.53,0.2202,0.143,0.2845,1.83,13.16,0.7938,27955.7935407412,1259.22803486498,1221.350914396,0.2771,0.106219426974144,0.47,0.369565217391304,0.01554404,0.4545,0.7666,0.0936329704510109
"596","Tapiraí",0.681,0.44,0.2854,0.1224,0.3405,-0.63,10.62,0.7149,14677.7125679565,697.68039769546,620.50706365,0.2696,0.0531702446330504,0.12,0.559633027522936,0.03563701,0.2703,0.7574,0.109707931570762
"95","Cabrália Paulista",0.694,0.4,0.2372,0.1221,0.2951,-0.62,18.2,0.8654,58272.9366856488,768.364715660854,836.229397856,0.2663,0.0788087056128293,0,0.454545454545455,0.2339604,0.1923,0.7368,0.0775580093312597
"477","Reginópolis",0.728,0.41,0.1502,0.1153,0.3298,4.4,17.76,0.5957,14665.4532192577,719.932868166047,645.3876628,0.255,0.094633346988939,0.41,0.288888888888889,0.08482142,0,0.7404,0.0631804043545879
"275","Ituverava",0.765,0.52,0.2041,0.1425,0.3227,0.65,54.84,0.9415,22114.9150662197,1409.75945275424,587.438485507,0.1596,0.365085928414524,2.61,0.298624754420432,0.2506228,0.0797,0.7547,0.0917359253499222
"210","Guareí",0.687,0.44,0.188,0.0961,0.2398,3.62,25.64,0.5776,19808.1972213839,708.152148505148,441.457224676,0.1948,0.037830415379334,0.14,0.575342465753425,0.03644008,0.0671,0.7327,0.0610836702954899
"574","Serra Azul",0.686,0.45,0.207,0.0917,0.4148,4.2,39.62,0.7122,11024.456814011,769.673684512065,554.384986515,0.2791,0.150142146410803,0,0.512,0.1066828,0.0813,0.736,0.131673716951789
"318","Macedônia",0.74,0.42,0.1825,0.1697,0.2252,-0.26,11.18,0.758,20873.7804134503,942.457572871916,893.032559673,0.1501,0.0851528384279476,0.82,0.147058823529412,0.1356315,0,0.7609,0.139461586314152
"520","Santa Cruz do Rio Pardo",0.762,0.46,0.2154,0.1451,0.2259,0.72,39.42,0.9142,33464.7045348147,1225.19484473349,594.480449024,0.2302,0.170738371166412,1.53,0.455445544554456,0.2052683,0.132,0.77,0.0782569206842924
"509","Salto de Pirapora",0.729,0.44,0.2333,0.1156,0.3027,1.38,142.86,0.784,20846.5474691083,908.42438274043,652.248676505,0.2501,0.215339380045849,0.3,0.522108843537415,0.1126302,0.25,0.7504,0.109308553654743
"613","Trabiju",0.722,0.4,0.2417,0.1303,0.4424,1.12,24.33,0.9183,24401.6831960142,769.673684512065,1465.210944368,0.1777,0.160621761658031,0,0.227272727272727,0.04975124,0,0.7363,0.0506998444790047
"356","Monte Mor",0.733,0.44,0.242,0.0917,0.4471,2.76,203.15,0.9393,36846.1435364297,1009.21498428368,640.728205141,0.1806,0.300210423093424,0.33,0.394385026737968,0.08534071,0.1523,0.7678,0.081052566096423
"283","Jambeiro",0.756,0.49,0.2298,0.1186,0.2459,2.96,28.94,0.4788,199755.290375903,1127.02218089267,799.526744322,0.1691,0.560478594129744,0.56,0.428571428571429,0.03911343,0,0.7661,0.0384189735614308
"551","São João de Iracema",0.748,0.37,0.1911,0.1563,0.4219,0.63,9.96,0.8156,32596.0701168628,827.268313965348,1281.893705661,0.1738,0.173033707865169,0.56,0.476190476190476,0.2012072,0.9524,0.7497,0.143455365474339
"485","Ribeirão dos Índios",0.721,0.38,0.1957,0.1852,0.4156,-0.15,11.14,0.8459,21276.92148044,716.005961612414,924.171006488,0.1507,0.0695016003657979,0.46,0.363636363636364,0.355924,0,0.7352,0.0958295489891135
"30","Apiaí",0.71,0.55,0.2677,0.1109,0.5377,-0.74,25.87,0.7232,18527.992491765,747.421214041478,469.097308459,0.1924,0.0612917311738319,0.48,0.506963788300836,0.1423707,0.1176,0.7507,0.0537950233281493
"367","Nipoã",0.713,0.37,0.205,0.1189,0.3836,2.71,30.94,0.8884,21089.4273331817,949.002417127971,561.562662391,0.1646,0.181796911558259,0,0.216666666666667,0.7059493,0.3333,0.7381,0.0839480559875583
"94","Buritizal",0.735,0.46,0.196,0.1526,0.2832,0.98,15.2,0.8158,101620.500848816,1213.41412507259,1237.606239174,0.2217,0.377251418702196,0.25,0.170212765957447,0.2537313,0.2174,0.7479,0.196173250388803
"554","São José da Bela Vista",0.693,0.46,0.264,0.1114,0.4239,0.41,30.34,0.8904,27864.9869013018,857.374597543201,514.289524006,0.2501,0.188436830835118,0.12,0.459459459459459,0.0674747,0.1695,0.7561,0.0938326594090202
"1","Adamantina",0.79,0.51,0.1722,0.1756,0.2381,0.09,82.15,0.9453,24906.6236025681,1404.5235773494,640.034564195,0.2206,0.184927656300855,1.95,0.125,0.4757797,0.0525,0.7613,0.0872429237947123
"4","Águas da Prata",0.781,0.52,0.1803,0.1852,0.2439,0.62,53.02,0.8927,45110.5429492937,1246.13834635287,701.165442349,0.292,0.178401898734177,0.66,0.348484848484849,0.1963209,0,0.7813,0.154338413685848
"325","Marapoama",0.752,0.4,0.1868,0.1491,0.1248,1.64,23.63,0.8353,46799.8600891799,1127.02218089267,1046.538316853,0.1952,0.112419293581466,0,0.0909090909090909,0.2443281,0,0.7614,0.0320289269051322
"114","Canas",0.704,0.43,0.2686,0.0902,0.4353,1.96,82.2,0.9283,12479.278097052,691.135553439405,533.078146152,0.1803,0.0836944127708096,0.23,0.0983606557377049,0.096782,0.1266,0.7283,0.103218040435459
"577","Sertãozinho",0.761,0.46,0.2144,0.1018,0.4154,1.52,272.88,0.9882,65382.1676781321,1418.92223471272,707.905822846,0.2349,0.520068317677199,1.24,0.381660470879802,0.1053384,0.1375,0.7631,0.0888404354587869
"644","Chavantes",0.729,0.47,0.2291,0.134,0.3123,-0.06,64.41,0.9195,31778.6595704114,1014.45085968852,467.75526402,0.2181,0.144708601617963,0.74,0.231182795698925,0.472067,0.2116,0.7466,0.127580093312597
"444","Platina",0.719,0.49,0.2418,0.1311,0.3067,1.07,9.76,0.7874,29904.5172927622,911.042320442852,937.350184462,0.2175,0.12374686716792,0,0.470588235294118,0.1578781,0.1923,0.7441,0.115998133748056
"117","Canitar",0.68,0.4,0.2908,0.0926,0.403,2.31,76.2,0.947,12972.743270691,765.746777958432,588.252759661,0.1882,0.131380178530556,0,0.492537313432836,0.09308176,0.2985,0.7246,0.134868740279938
"91","Brotas",0.74,0.41,0.2217,0.131,0.2888,1.36,19.57,0.8618,27581.2123832663,1075.97239569544,589.866228818,0.2242,0.155977757182576,0.74,0.57439446366782,0.1222871,0.2405,0.739,0.0968279937791602
"225","Ibitinga",0.747,0.43,0.1978,0.1265,0.231,1.33,77.04,0.9605,22896.3919989574,1147.96568251204,437.913624191,0.2017,0.203205538206855,1.15,0.230113636363636,0.0987027,0.2539,0.7576,0.0993241057542768
"148","Cruzália",0.774,0.43,0.188,0.1449,0.2572,-1.36,15.28,0.664,43909.0815393614,894.025725377109,1227.563524608,0.1897,0.0514511873350923,0,0.296296296296296,0.08057297,0.3704,0.7618,0.111704821150855
"387","Orlândia",0.78,0.5,0.2078,0.1174,0.3892,1.01,136.23,0.9742,35073.4085404527,1379.65316917639,569.358583458,0.1808,0.569819763203539,1.58,0.225225225225225,0.4714918,0.1818,0.7789,0.123286780715397
"607","Teodoro Sampaio",0.741,0.47,0.2466,0.1051,0.5437,0.67,13.74,0.812,19011.4451100092,947.69344827676,741.833912596,0.2223,0.162442719536145,0.56,0.345394736842105,0.3941701,0.1701,0.7638,0.0618824261275272
"207","Guararapes",0.763,0.43,0.1957,0.1464,0.4067,0.59,31.98,0.9255,33858.3758957984,1090.37105305876,488.338305135,0.2385,0.125600549073439,0.88,0.376168224299065,0.2361057,0.1176,0.7539,0.0782569206842924
"368","Nova Aliança",0.738,0.38,0.1995,0.1637,0.1845,2.13,27.06,0.8286,25670.865067209,972.563856449769,899.426119697,0.2726,0.159056187404515,0.17,0.173913043478261,0.1510516,0.303,0.7456,0.121789113530327
"579","Severínia",0.715,0.41,0.2358,0.0987,0.4498,1.33,110.26,0.9531,23295.1751916864,1000.0522023252,558.742861154,0.2205,0.235984775175795,0.26,0.293532338308458,0.1107071,0.1415,0.7342,0.0714674961119751
"227","Icém",0.72,0.45,0.22,0.1145,0.4317,0.98,20.56,0.8582,23198.2313383227,1044.55714326637,936.777176724,0.2447,0.219244170463683,0.54,0.216216216216216,0.08675799,0.1786,0.7334,0.170113841368585
"170","Emilianópolis",0.727,0.38,0.1885,0.1676,0.4001,0.43,13.45,0.8268,17728.3150253503,861.301504096834,670.192866195,0.1509,0.113576158940397,0.66,0.346153846153846,0.3555086,0,0.7328,0.000777604976671851
"380","Nuporanga",0.746,0.45,0.2039,0.1325,0.2316,0.78,19.56,0.9072,36427.0185707675,1113.93249238056,756.67179718,0.1909,0.356168402523104,0.29,0.261904761904762,0.09218907,0.122,0.7694,0.0623816485225505
"600","Taquarituba",0.701,0.48,0.2272,0.1206,0.2618,0.15,49.7,0.8783,20810.6741719933,934.60375976465,447.172222905,0.2237,0.0422592077520075,0.49,0.548484848484848,0.2421843,0.1187,0.7365,0.113402177293935
